no,category_id,tag_id,parent_id,endpoint_id,id,原本位置,title,current_url,layout_id,policy_ids,author_ids,energy_ids,buzzword_ids,ta_ids,need_ids,started,ended,created,updated,deleted
1,service,corporation/apply,,oil_station,,,加油站籌設及經營許可,https://www.moeaboe.gov.tw/ECW/populace/content/SubMenu.aspx?menu_id=217,list,,oil_gas/service,oil/motor_gasoline,,corporation,id1;id2,YYYY-MM-DD,,,,
2,service,corporation/apply,oil_station,build,oil_station/build,,加油站籌設許可,https://www.moeaboe.gov.tw/ECW/populace/content/Content.aspx?menu_id=218,nav_content,law/system/oil/加油站設置管理規則,oil_gas/service,oil/motor_gasoline,,corporation,,,,,,
3,service,corporation/apply,oil_station,run,oil_station/run,,加油站經營許可,https://www.moeaboe.gov.tw/ECW/populace/content/Content.aspx?menu_id=560,nav_content,law/system/oil/加油站設置管理規則,oil_gas/service,oil/motor_gasoline,,corporation,,,,,,
4,service,corporation/apply,oil_station,renew,oil_station/renew,,加油站執照換發,https://www.moeaboe.gov.tw/ECW/populace/content/Content.aspx?menu_id=561,nav_content,law/system/oil/加油站設置管理規則,oil_gas/service,oil/motor_gasoline,,corporation,,,,,,
5,,,,,,,,,,,,,,,,,,,,
6,policy,plan/energy,,plan,,,施政計畫,https://www.moeaboe.gov.tw/ECW/populace/content/SubMenu.aspx?menu_id=382,content,,planning/policy,,,,,,,,,
7,,,,,,,,,,,,,,,,,,,,
8,info,statistic/monthly,,statistic_monthly,,,能源統計月報,https://www.moeaboe.gov.tw/ECW/populace/web_book/WebReports.aspx?book=M_CH&menu_id=142,content,,planning/info,,,,,,,,,
9,info,statistic/quarterly,,statistic_quarterly,,,能源指標季報,https://www.moeaboe.gov.tw/ECW/populace/web_book/WebReports.aspx?book=Q_CH&menu_id=143,content,,planning/info,,,,,,,,,
10,info,statistic,,statistic_annual,,,能源統計年報,https://www.moeaboe.gov.tw/ECW/populace/content/SubMenu.aspx?menu_id=6977,content,,planning/info,,,,,,,,,
11,info,statistic,,statistic_balance,,,能源平衡表,https://www.moeaboe.gov.tw/ECW/populace/web_book/WebReports.aspx?book=B_CH&menu_id=145,content,,planning/info,,,,,,,,,
12,,,,,,,,,,,,,,,,,,,,
13,policy,law/system/misc,,manual,,,能源使用說明書,https://www.moeaboe.gov.tw/ECW/populace/content/ContentLink2.aspx?menu_id=211&sub_menu_id=3255,list,,,,,,,,,,,
14,policy,law/system/misc,,research_fund,,,能源研究發展基金,https://www.moeaboe.gov.tw/ecw/populace/content/ContentLink2.aspx?menu_id=319&sub_menu_id=335,list,,,,,,,,,,,
15,policy,law/system/oil,,oil_management,,,石油管理法相關子法,https://www.moeaboe.gov.tw/ecw/populace/content/SubMenu.aspx?menu_id=1015,list,,,oil,,,,,,,,
16,policy,law/system/oil,,oil_funding,,,石油基金,https://www.moeaboe.gov.tw/ecw/populace/content/ContentLink2.aspx?menu_id=319&sub_menu_id=327,list,,,oil,,,,,,,,
17,policy,law/system/oil,,oil_subsidy,,,石油基金獎勵補助,https://www.moeaboe.gov.tw/ecw/populace/content/SubMenu.aspx?menu_id=1016,list,,,oil,,,,,,,,
18,policy,law/system/gas,,gas_industry,,,天然氣事業法相關子法,https://www.moeaboe.gov.tw/ecw/populace/Law/LawsList.aspx?kind=4&menu_id=3300,list,,,gas,,,,,,,,
19,policy,law/system/conservation,,efficiency_level,,,使用能源設備或器具能源效率分級標示,,list,,,,,,,,,,,
20,policy,law/system/conservation,,efficiency_mark,,,節能標章相關法規,,list,,,,,,,,,,,
21,policy,law/system/conservation,,manager,,,能源管理人員相關法規,,list,,,,,,,,,,,
22,policy,law/system/misc,,能源管理法,,,能源管理法,http://law.moj.gov.tw/LawClass/LawContent.aspx?PCODE=J0130002,content,,,,,,,,,,,
23,policy,law/system/misc,,能源管理法施行細則,,,能源管理法施行細則,http://law.moj.gov.tw/LawClass/LawContent.aspx?PCODE=J0130003,content,,,,,,,,,,,
24,policy,law/system/misc,,經濟部辦理氣候變遷調適或溫室氣體研究管理與推動績效優良獎勵補助辦法,,,經濟部辦理氣候變遷調適或溫室氣體研究管理與推動績效優良獎勵補助辦法,,content,,,,,,,,,,,
25,policy,law/system/misc,manual,能源使用說明書審查作業要點,manual/能源使用說明書審查作業要點,,能源使用說明書審查作業要點,https://www.moeaboe.gov.tw/ECW/populace/content/wHandMenuFile.ashx?file_id=2800,nav_content,,,,,,,,,,,
26,policy,law/system/misc,manual,能源使用說明書諮詢小組設置要點,manual/能源使用說明書諮詢小組設置要點,,能源使用說明書諮詢小組設置要點,https://www.moeaboe.gov.tw/ECW/populace/content/wHandMenuFile.ashx?file_id=1638,nav_content,,,,,,,,,,,
27,policy,law/system/misc,manual,能源用戶應申報使用能源之種類、數量、項目、效率、申報期間及方式,manual/能源用戶應申報使用能源之種類、數量、項目、效率、申報期間及方式,,能源用戶應申報使用能源之種類、數量、項目、效率、申報期間及方式,https://www.moeaboe.gov.tw/ECW/populace/Law/Content.aspx?menu_id=618,nav_content,,,,,,,,,,,
28,policy,law/system/misc,manual,能源供應事業應申報經營資料之項目與申報期間,manual/能源供應事業應申報經營資料之項目與申報期間,,能源供應事業應申報經營資料之項目與申報期間,https://www.moeaboe.gov.tw/ECW/populace/Law/Content.aspx?menu_id=6872,nav_content,,,,,,,,,,,
29,policy,law/system/misc,manual,能源供應事業及能源用戶達應辦理能源管理法規定事項之能源供應數量、使用數量基準及應儲存之安全存量,manual/能源供應事業及能源用戶達應辦理能源管理法規定事項之能源供應數量、使用數量基準及應儲存之安全存量,,能源供應事業及能源用戶達應辦理能源管理法規定事項之能源供應數量、使用數量基準及應儲存之安全存量,https://www.moeaboe.gov.tw/ECW/populace/Law/Content.aspx?menu_id=615,nav_content,,,,,,,,,,,
30,policy,law/system/misc,,電業及公用天然氣事業個人資料檔案安全維護管理辦法,,,電業及公用天然氣事業個人資料檔案安全維護管理辦法,http://law.moj.gov.tw/LawClass/LawAll.aspx?PCode=J0130066,content,,,,,,,,,,,
31,policy,law/system/misc,,能源開發及使用評估準則,,,能源開發及使用評估準則,https://www.moeaboe.gov.tw/ECW/populace/Law/Content.aspx?menu_id=2969,content,,,,,,,,,,,
32,policy,law/system/misc,,能源用戶適用之範圍,,,能源用戶適用之範圍,https://www.moeaboe.gov.tw/ECW/populace/Law/Content.aspx?menu_id=2970,content,,,,,,,,,,,
33,policy,law/system/misc,,能源使用說明書之格式及應記載事項,,,能源使用說明書之格式及應記載事項,https://www.moeaboe.gov.tw/ECW/populace/content/wHandMenuFile.ashx?file_id=1636,content,,,,,,,,,,,
34,policy,law/system/misc,,能源使用說明書審查規費收費標準,,,能源使用說明書審查規費收費標準,https://www.moeaboe.gov.tw/ECW/populace/content/wHandMenuFile.ashx?file_id=1637,content,,,,,,,,,,,
35,policy,law/system/misc,,經濟部對民間團體辦理能源領域會議及活動補助或捐助作業要點,,,經濟部對民間團體辦理能源領域會議及活動補助或捐助作業要點,https://www.moeaboe.gov.tw/ECW/populace/Law/Content.aspx?menu_id=2064,content,,,,,,,,,,,
36,policy,law/system/misc,research_fund,能源研究發展基金收支保管及運用辦法,research_fund/能源研究發展基金收支保管及運用辦法,,能源研究發展基金收支保管及運用辦法,http://law.moj.gov.tw/LawClass/LawContent.aspx?PCODE=J0130008,nav_content,,,,,,,,,,,
37,policy,law/system/oil,,石油管理法,,,石油管理法,http://law.moj.gov.tw/LawClass/LawContent.aspx?PCODE=J0020019,content,,,oil,,,,,,,,
38,policy,law/system/oil,,石油製品查驗作業要點,,,石油製品查驗作業要點,https://www.moeaboe.gov.tw/ECW/populace/Law/Content.aspx?menu_id=1011,content,,,oil,,,,,,,,
39,policy,law/system/oil,,溶劑油與潤滑油申報,,,溶劑油與潤滑油申報,https://www.moeaboe.gov.tw/ECW/populace/Law/Content.aspx?menu_id=639,content,,,oil,,,,,,,,
40,policy,law/system/oil,,國內石油市場油品供需失調或有失調之虞之認定與限制期間、條件及方式,,,國內石油市場油品供需失調或有失調之虞之認定與限制期間、條件及方式,https://www.moeaboe.gov.tw/ECW/populace/Law/Content.aspx?menu_id=1014,content,,,oil,,,,,,,,
41,policy,law/system/oil,,石油煉製業輸入石油供作製造石化原料進料退費申請作業要點,,,石油煉製業輸入石油供作製造石化原料進料退費申請作業要點,https://www.moeaboe.gov.tw/ECW/populace/Law/Content.aspx?menu_id=1012,content,,,oil,,,,,,,,
42,policy,law/system/oil,,經濟部查核溶劑油及潤滑油輸入或銷售流向作業要點,,,經濟部查核溶劑油及潤滑油輸入或銷售流向作業要點,https://www.moeaboe.gov.tw/ECW/populace/Law/Content.aspx?menu_id=638,content,,,oil,,,,,,,,
43,policy,law/system/oil,,石油安全存量查核作業要點,,,石油安全存量查核作業要點,https://www.moeaboe.gov.tw/ECW/populace/Law/Content.aspx?menu_id=635,content,,,oil,,,,,,,,
44,policy,law/system/oil,,石油業申請油槽延長內部檢查年限作業要點,,,石油業申請油槽延長內部檢查年限作業要點,https://www.moeaboe.gov.tw/ECW/populace/Law/Content.aspx?menu_id=1013,content,,,oil,,,,,,,,
45,policy,law/system/oil,,政府儲油管理作業要點,,,政府儲油管理作業要點,https://www.moeaboe.gov.tw/ECW/populace/Law/Content.aspx?menu_id=637,content,,,oil,,,,,,,,
46,policy,law/system/oil,,公告石油原油、瀝青礦原油、汽油、柴油、煤油、輕油、液化石油氣、航空燃油及燃料油為准許石油輸入業輸入之石油,,,公告石油原油、瀝青礦原油、汽油、柴油、煤油、輕油、液化石油氣、航空燃油及燃料油為准許石油輸入業輸入之石油,https://www.moeaboe.gov.tw/ECW/populace/Law/Content.aspx?menu_id=621,content,,,oil,,,,,,,,
47,policy,law/system/oil,oil_management,液化石油氣經銷業分裝業及零售業供銷管理規則,oil_management/液化石油氣經銷業分裝業及零售業供銷管理規則,,液化石油氣經銷業分裝業及零售業供銷管理規則,http://law.moj.gov.tw/LawClass/LawContent.aspx?PCODE=J0130062,nav_content,,,oil,,,,,,,,
48,policy,law/system/oil,oil_management,加油站設置管理規則,oil_management/加油站設置管理規則,,加油站設置管理規則,http://law.moj.gov.tw/LawClass/LawContent.aspx?PCODE=J0120032,nav_content,,,oil,,,,,,,,
49,policy,law/system/oil,oil_management,加氣站設置管理規則,oil_management/加氣站設置管理規則,,加氣站設置管理規則,http://law.moj.gov.tw/LawClass/LawContent.aspx?PCODE=J0120052,nav_content,,,oil,,,,,,,,
50,policy,law/system/oil,oil_management,漁船加油站設置管理規則,oil_management/漁船加油站設置管理規則,,漁船加油站設置管理規則,http://law.moj.gov.tw/LawClass/LawContent.aspx?PCODE=J0120034,nav_content,,,oil,,,,,,,,
51,policy,law/system/oil,oil_management,酒精汽油生質柴油及再生油品之生產輸入摻配銷售業務管理辦法,oil_management/酒精汽油生質柴油及再生油品之生產輸入摻配銷售業務管理辦法,,酒精汽油生質柴油及再生油品之生產輸入摻配銷售業務管理辦法,http://law.moj.gov.tw/LawClass/LawContent.aspx?PCODE=J0020022,nav_content,,,oil,,,,,,,,
52,policy,law/system/oil,oil_funding,石油基金收支保管及運用辦法,oil_funding/石油基金收支保管及運用辦法,,石油基金收支保管及運用辦法,http://law.moj.gov.tw/LawClass/LawContent.aspx?PCODE=J0020020,nav_content,,,oil,,,,,,,,
53,policy,law/system/oil,oil_funding,石油基金收取金額,oil_funding/石油基金收取金額,,石油基金收取金額,https://www.moeaboe.gov.tw/ECW/populace/Law/Content.aspx?menu_id=623,nav_content,,,oil,,,,,,,,
54,policy,law/system/oil,,石油業儲油設備代行檢查機構設置管理辦法,,,石油業儲油設備代行檢查機構設置管理辦法,http://law.moj.gov.tw/LawClass/LawContent.aspx?PCODE=J0020040,content,,,oil,,,,,,,,
55,policy,law/system/oil,,公告石油業者投保公共意外責任保險及意外污染責任險,,,公告石油業者投保公共意外責任保險及意外污染責任險,https://www.moeaboe.gov.tw/ECW/populace/Law/Content.aspx?menu_id=624,content,,,oil,,,,,,,,
56,policy,law/system/oil,,違法經營石油案件檢舉人及查緝人員獎勵辦法,,,違法經營石油案件檢舉人及查緝人員獎勵辦法,http://law.moj.gov.tw/LawClass/LawContent.aspx?PCODE=J0020023,content,,,oil,,,,,,,,
57,policy,law/system/oil,,扣留石油價購辦法,,,扣留石油價購辦法,http://law.moj.gov.tw/LawClass/LawContent.aspx?PCODE=J0020021,content,,,oil,,,,,,,,
58,policy,law/system/oil,,緊急時期石油處置辦法,,,緊急時期石油處置辦法,http://law.moj.gov.tw/LawClass/LawContent.aspx?PCODE=J0020024,content,,,oil,,,,,,,,
59,policy,law/system/oil,,石油煉製業或輸入業復運出口油品退還石油基金,,,石油煉製業或輸入業復運出口油品退還石油基金,https://www.moeaboe.gov.tw/ECW/populace/Law/Content.aspx?menu_id=628,content,,,oil,,,,,,,,
60,policy,law/system/oil,,石油煉製業與輸入業實際應儲備之石油安全存量及計算標準,,,石油煉製業與輸入業實際應儲備之石油安全存量及計算標準,http://law.moj.gov.tw/LawClass/LawContent.aspx?PCODE=J0130030,content,,,oil,,,,,,,,
61,policy,law/system/oil,,申請經營石油業務規費收費標準,,,申請經營石油業務規費收費標準,http://law.moj.gov.tw/LawClass/LawContent.aspx?PCODE=J0120037,content,,,oil,,,,,,,,
62,policy,law/system/oil,,石油基金收退費作業要點,,,石油基金收退費作業要點,https://www.moeaboe.gov.tw/ECW/populace/Law/Content.aspx?menu_id=625,content,,,oil,,,,,,,,
63,policy,law/system/oil,,石油製品認定基準,,,石油製品認定基準,https://www.moeaboe.gov.tw/ECW/populace/Law/Content.aspx?menu_id=622,content,,,oil,,,,,,,,
64,policy,law/system/oil,,石油業儲油設備設置管理規則,,,石油業儲油設備設置管理規則,http://law.moj.gov.tw/LawClass/LawContent.aspx?PCODE=J0020039,content,,,oil,,,,,,,,
65,policy,law/system/oil,,自用加儲油加儲氣設施設置管理規則,,,自用加儲油加儲氣設施設置管理規則,http://law.moj.gov.tw/LawClass/LawContent.aspx?PCODE=J0020041,content,,,oil,,,,,,,,
66,policy,law/system/oil,,漁船用柴油黑色染劑規範,,,漁船用柴油黑色染劑規範,https://www.moeaboe.gov.tw/ECW/populace/Law/Content.aspx?menu_id=626,content,,,oil,,,,,,,,
67,policy,law/system/oil,,航空站商港或工業專用港加儲油加儲氣設施設置管理規則,,,航空站商港或工業專用港加儲油加儲氣設施設置管理規則,http://law.moj.gov.tw/LawClass/LawContent.aspx?PCODE=J0020038,content,,,oil,,,,,,,,
68,policy,law/system/oil,oil_subsidy,偏遠與原住民族及離島地區石油設施及運輸費用補助辦法,oil_subsidy/偏遠與原住民族及離島地區石油設施及運輸費用補助辦法,,偏遠與原住民族及離島地區石油設施及運輸費用補助辦法,http://law.moj.gov.tw/LawClass/LawContent.aspx?PCODE=J0020060,nav_content,,,oil,,,,,,,,
69,policy,law/system/oil,oil_subsidy,石油基金獎勵石油開發技術研究發展計畫申請須知,oil_subsidy/石油基金獎勵石油開發技術研究發展計畫申請須知,,石油基金獎勵石油開發技術研究發展計畫申請須知,https://www.moeaboe.gov.tw/ECW/populace/Law/Content.aspx?menu_id=630,nav_content,,,oil,,,,,,,,
70,policy,law/system/oil,oil_subsidy,石油基金獎勵探勘開發石油及天然氣計畫申請作業要點,oil_subsidy/石油基金獎勵探勘開發石油及天然氣計畫申請作業要點,,石油基金獎勵探勘開發石油及天然氣計畫申請作業要點,https://www.moeaboe.gov.tw/ECW/populace/Law/Content.aspx?menu_id=632,nav_content,,,oil,,,,,,,,
71,policy,law/system/oil,oil_subsidy,石油基金獎勵探勘開發石油及天然氣計畫申請須知,oil_subsidy/石油基金獎勵探勘開發石油及天然氣計畫申請須知,,石油基金獎勵探勘開發石油及天然氣計畫申請須知,https://www.moeaboe.gov.tw/ECW/populace/Law/Content.aspx?menu_id=633,nav_content,,,oil,,,,,,,,
72,policy,law/system/oil,oil_subsidy,石油基金獎勵石油開發技術研究發展計畫申請作業要點,oil_subsidy/石油基金獎勵石油開發技術研究發展計畫申請作業要點,,石油基金獎勵石油開發技術研究發展計畫申請作業要點,https://www.moeaboe.gov.tw/ECW/populace/Law/Content.aspx?menu_id=629,nav_content,,,oil,,,,,,,,
73,policy,law/system/oil,oil_subsidy,石油基金補助直轄市及縣（市）政府辦理石油管理法相關業務作業要點,oil_subsidy/石油基金補助直轄市及縣（市）政府辦理石油管理法相關業務作業要點,,石油基金補助直轄市及縣（市）政府辦理石油管理法相關業務作業要點,https://www.moeaboe.gov.tw/ECW/populace/Law/Content.aspx?menu_id=634,nav_content,,,oil,,,,,,,,
74,policy,law/system/gaseous,,非都市土地申請變更為液化石油氣分裝場用地興辦事業計畫審查作業要點,,,非都市土地申請變更為液化石油氣分裝場用地興辦事業計畫審查作業要點,https://www.moeaboe.gov.tw/ECW/populace/Law/Content.aspx?menu_id=1021,content,,,gas,,,,,,,,
75,policy,law/system/gas,,縣市微電腦瓦斯表推廣計畫書評選作業要點,,,縣市微電腦瓦斯表推廣計畫書評選作業要點,https://www.moeaboe.gov.tw/ECW/populace/Law/Content.aspx?menu_id=6988,content,,,gas,,,,,,,,
76,policy,law/system/gas,,公用天然氣事業微電腦瓦斯表推廣考核作業要點,,,公用天然氣事業微電腦瓦斯表推廣考核作業要點,https://www.moeaboe.gov.tw/ECW/populace/Law/Content.aspx?menu_id=6987,content,,,gas,,,,,,,,
77,policy,law/system/gas,,天然氣事業法,,,天然氣事業法,http://law.moj.gov.tw/LawClass/LawContent.aspx?PCODE=J0130045,content,,,gas,,,,,,,,
78,policy,law/system/gas,,天然氣價格計算方式審議會設置要點,,,天然氣價格計算方式審議會設置要點,https://www.moeaboe.gov.tw/ECW/populace/Law/Content.aspx?menu_id=3328,content,,,gas,,,,,,,,
79,policy,law/system/gas,,公告公用天然氣事業供氣計畫之內容格式與提報期限及其他相關事項,,,公告公用天然氣事業供氣計畫之內容格式與提報期限及其他相關事項,https://www.moeaboe.gov.tw/ECW/populace/Law/Content.aspx?menu_id=1024,content,,,gas,,,,,,,,
80,policy,law/system/gas,,公告公用天然氣事業供應之天然氣所添加嗅劑種類與濃度及提報主管機關備查之格式與期限,,,公告公用天然氣事業供應之天然氣所添加嗅劑種類與濃度及提報主管機關備查之格式與期限,https://www.moeaboe.gov.tw/ECW/populace/Law/Content.aspx?menu_id=1022,content,,,gas,,,,,,,,
81,policy,law/system/gas,,公告公用天然氣事業營業章程範本,,,公告公用天然氣事業營業章程範本,https://www.moeaboe.gov.tw/ECW/populace/Law/Content.aspx?menu_id=1028,content,,,gas,,,,,,,,
82,policy,law/system/gas,,公告天然氣生產或進口事業自備儲槽容量,,,公告天然氣生產或進口事業自備儲槽容量,https://www.moeaboe.gov.tw/ECW/populace/Law/Content.aspx?menu_id=1029,content,,,gas,,,,,,,,
83,policy,law/system/gas,,公告公用天然氣事業變更實收資本額計畫書之格式及項目,,,公告公用天然氣事業變更實收資本額計畫書之格式及項目,https://www.moeaboe.gov.tw/ECW/populace/Law/Content.aspx?menu_id=1027,content,,,gas,,,,,,,,
84,policy,law/system/gas,,公告天然氣事業投保公共意外責任險之保險金額,,,公告天然氣事業投保公共意外責任險之保險金額,https://www.moeaboe.gov.tw/ECW/populace/Law/Content.aspx?menu_id=1023,content,,,gas,,,,,,,,
85,policy,law/system/gas,gas_industry,公用天然氣導管承裝業管理辦法,gas_industry/公用天然氣導管承裝業管理辦法,,公用天然氣導管承裝業管理辦法,http://law.moj.gov.tw/LawClass/LawContent.aspx?PCODE=J0130058,nav_content,,,gas,,,,,,,,
86,policy,law/system/gas,gas_industry,天然氣事業輸儲設備防災相關設施裝置維修辦法,gas_industry/天然氣事業輸儲設備防災相關設施裝置維修辦法,,天然氣事業輸儲設備防災相關設施裝置維修辦法,http://law.moj.gov.tw/LawClass/LawContent.aspx?PCODE=J0130056,nav_content,,,gas,,,,,,,,
87,policy,law/system/gas,gas_industry,天然氣事業災害及緊急事故通報辦法,gas_industry/天然氣事業災害及緊急事故通報辦法,,天然氣事業災害及緊急事故通報辦法,http://law.moj.gov.tw/LawClass/LawContent.aspx?PCODE=J0130060,nav_content,,,gas,,,,,,,,
88,policy,law/system/gas,gas_industry,公用天然氣事業天然氣售價及基本收費計算準則,gas_industry/公用天然氣事業天然氣售價及基本收費計算準則,,公用天然氣事業天然氣售價及基本收費計算準則,http://law.moj.gov.tw/LawClass/LawContent.aspx?PCODE=J0130055,nav_content,,,gas,,,,,,,,
89,policy,law/system/gas,gas_industry,天然氣事業規費收費標準,gas_industry/天然氣事業規費收費標準,,天然氣事業規費收費標準,http://law.moj.gov.tw/LawClass/LawContent.aspx?PCODE=J0130067,nav_content,,,gas,,,,,,,,
90,policy,law/system/gas,gas_industry,公用天然氣事業用戶管線設備裝置計費準則,gas_industry/公用天然氣事業用戶管線設備裝置計費準則,,公用天然氣事業用戶管線設備裝置計費準則,http://law.moj.gov.tw/LawClass/LawContent.aspx?PCODE=J0130051,nav_content,,,gas,,,,,,,,
91,policy,law/system/gas,gas_industry,天然氣供應及價格管制實施辦法,gas_industry/天然氣供應及價格管制實施辦法,,天然氣供應及價格管制實施辦法,http://law.moj.gov.tw/LawClass/LawContent.aspx?PCODE=J0130054,nav_content,,,gas,,,,,,,,
92,policy,law/system/gas,gas_industry,公用天然氣事業輸氣管線汰換準備金提撥辦法,gas_industry/公用天然氣事業輸氣管線汰換準備金提撥辦法,,公用天然氣事業輸氣管線汰換準備金提撥辦法,http://law.moj.gov.tw/LawClass/LawContent.aspx?PCODE=J0130053,nav_content,,,gas,,,,,,,,
93,policy,law/system/gas,gas_industry,天然氣導管配管專業人員管理辦法,gas_industry/天然氣導管配管專業人員管理辦法,,天然氣導管配管專業人員管理辦法,http://law.moj.gov.tw/LawClass/LawContent.aspx?PCODE=J0130057,nav_content,,,gas,,,,,,,,
94,policy,law/system/gas,gas_industry,公用天然氣事業會計處理準則,gas_industry/公用天然氣事業會計處理準則,,公用天然氣事業會計處理準則,http://law.moj.gov.tw/LawClass/LawContent.aspx?PCODE=J0130049,nav_content,,,gas,,,,,,,,
95,policy,law/system/gas,gas_industry,公用天然氣事業申請設立保證金作業辦法,gas_industry/公用天然氣事業申請設立保證金作業辦法,,公用天然氣事業申請設立保證金作業辦法,http://law.moj.gov.tw/News/news_detail.aspx?id=73797,nav_content,,,gas,,,,,,,,
96,policy,law/system/gas,gas_industry,公用天然氣事業輸儲設備及場所之民間檢查機構認可辦法,gas_industry/公用天然氣事業輸儲設備及場所之民間檢查機構認可辦法,,公用天然氣事業輸儲設備及場所之民間檢查機構認可辦法,http://law.moj.gov.tw/LawClass/LawContent.aspx?PCODE=J0130052,nav_content,,,gas,,,,,,,,
97,policy,law/system/gas,gas_industry,天然氣事業輸儲設備採行先進國家相關標準認定辦法,gas_industry/天然氣事業輸儲設備採行先進國家相關標準認定辦法,,天然氣事業輸儲設備採行先進國家相關標準認定辦法,http://law.moj.gov.tw/LawClass/LawContent.aspx?PCODE=J0130059,nav_content,,,gas,,,,,,,,
98,policy,law/system/gas,gas_industry,天然氣事業輸儲設備地理資訊管理系統建置辦法,gas_industry/天然氣事業輸儲設備地理資訊管理系統建置辦法,,天然氣事業輸儲設備地理資訊管理系統建置辦法,http://law.moj.gov.tw/LawClass/LawSearchContent.aspx?pc=J0130046,nav_content,,,gas,,,,,,,,
99,policy,law/system/gas,gas_industry,天然氣事業經營資料申報作業辦法,gas_industry/天然氣事業經營資料申報作業辦法,,天然氣事業經營資料申報作業辦法,http://law.moj.gov.tw/News/news_detail.aspx?id=73801,nav_content,,,gas,,,,,,,,
100,policy,law/system/gas,gas_industry,公用天然氣事業重新申請供氣許可辦法,gas_industry/公用天然氣事業重新申請供氣許可辦法,,公用天然氣事業重新申請供氣許可辦法,http://law.moj.gov.tw/LawClass/LawContent.aspx?PCODE=J0130050,nav_content,,,gas,,,,,,,,
101,policy,law/system/gas,gas_industry,天然氣導管配管專業人員專案技能檢定辦法,gas_industry/天然氣導管配管專業人員專案技能檢定辦法,,天然氣導管配管專業人員專案技能檢定辦法,http://law.moj.gov.tw/LawClass/LawContent.aspx?PCODE=J0130061,nav_content,,,gas,,,,,,,,
102,policy,law/system/electricity,,電業法,,,電業法,http://law.moj.gov.tw/LawClass/LawContent.aspx?PCODE=J0030011,content,,,electricity,,,,,,,,
103,policy,law/system/electricity,,電業事故通報程序標準,,,電業事故通報程序標準,http://law.moj.gov.tw/LawClass/LawAll.aspx?Pcode=J0130085,content,,,electricity,,,,,,,,
104,policy,law/system/electricity,,用戶配電場所設置及管理辦法,,,用戶配電場所設置及管理辦法,https://law.moj.gov.tw/LawClass/LawALL.aspx?Pcode=J0130084,content,,,electricity,,,,,,,,
105,policy,law/system/electricity,,電業規費收費標準,,,電業規費收費標準,http://law.moj.gov.tw/LawClass/LawAll.aspx?Pcode=J0030070,content,,,electricity,,,,,,,,
106,policy,law/system/electricity,,電業設備檢驗維護辦法,,,電業設備檢驗維護辦法,http://law.moj.gov.tw/LawClass/LawAll.aspx?Pcode=J0130083,content,,,electricity,,,,,,,,
107,policy,law/system/electricity,,發電業純益認定運用及監督管理規則,,,發電業純益認定運用及監督管理規則,http://law.moj.gov.tw/LawClass/LawContent.aspx?PCODE=J0130082,content,,,electricity,,,,,,,,
108,policy,law/system/electricity,,電業控制設備裝置規則(已廢止),,,電業控制設備裝置規則(已廢止),http://law.moj.gov.tw/LawClass/LawContent.aspx?PCODE=J0030015,content,,,electricity,,,,,,,,
109,policy,law/system/electricity,,輸配電業分離會計處理準則,,,輸配電業分離會計處理準則,http://law.moj.gov.tw/LawClass/LawContent.aspx?PCODE=J0130081,content,,,electricity,,,,,,,,
110,policy,law/system/electricity,,電業設備安全保護設施裝置管理辦法,,,電業設備安全保護設施裝置管理辦法,http://law.moj.gov.tw/LawClass/LawAll.aspx?Pcode=J0130080,content,,,electricity,,,,,,,,
111,policy,law/system/electricity,,變電所裝置規則(已廢止),,,變電所裝置規則(已廢止),http://law.moj.gov.tw/LawClass/LawContent.aspx?PCODE=J0130013,content,,,electricity,,,,,,,,
112,policy,law/system/electricity,,汽電共生系統實施辦法,,,汽電共生系統實施辦法,http://law.moj.gov.tw/LawClass/LawContent.aspx?PCODE=J0130014,content,,,electricity,,,,,,,,
113,policy,law/system/electricity,,電力排碳係數管理辦法,,,電力排碳係數管理辦法,http://law.moj.gov.tw/LawClass/LawAll.aspx?Pcode=J0130079,content,,,electricity,,,,,,,,
114,policy,law/system/electricity,,電力調度原則綱要,,,電力調度原則綱要,http://law.moj.gov.tw/LawClass/LawContent.aspx?PCODE=J0130077,content,,,electricity,,,,,,,,
115,policy,law/system/electricity,,核能發電後端營運基金費用收取辦法,,,核能發電後端營運基金費用收取辦法,http://law.moj.gov.tw/LawClass/LawAll.aspx?Pcode=J0120056,content,,,electricity,,,,,,,,
116,policy,law/system/electricity,,電業登記規則,,,電業登記規則,http://law.moj.gov.tw/LawClass/LawContent.aspx?PCODE=J0030012,content,,,electricity,,,,,,,,
117,policy,law/system/electricity,,發電設備裝置規則,,,發電設備裝置規則,http://law.moj.gov.tw/LawClass/LawContent.aspx?PCODE=J0130076,content,,,electricity,,,,,,,,
118,policy,law/system/electricity,,備用供電容量管理辦法,,,備用供電容量管理辦法,http://law.moj.gov.tw/LawClass/LawContent.aspx?PCODE=J0130075,content,,,electricity,,,,,,,,
119,policy,law/system/electricity,,輸配電設備裝置規則,,,輸配電設備裝置規則,http://law.moj.gov.tw/LawClass/LawContent.aspx?PCODE=J0030019,content,,,electricity,,,,,,,,
120,policy,law/system/electricity,,自用發電設備登記規則,,,自用發電設備登記規則,http://law.moj.gov.tw/LawClass/LawContent.aspx?PCODE=J0030071,content,,,electricity,,,,,,,,
121,policy,law/system/electricity,,一定規模以上電業獨立董事設置及應遵循事項辦法,,,一定規模以上電業獨立董事設置及應遵循事項辦法,http://law.moj.gov.tw/LawClass/LawAll.aspx?Pcode=J0130074,content,,,electricity,,,,,,,,
122,policy,law/system/electricity,,再生能源發電業申請直供審查規則,,,再生能源發電業申請直供審查規則,http://law.moj.gov.tw/LawClass/LawAll.aspx?Pcode=J0130073,content,,,electricity,,,,,,,,
123,policy,law/system/electricity,,電力調度轉供費用優惠辦法,,,電力調度轉供費用優惠辦法,http://law.moj.gov.tw/LawClass/LawContent.aspx?PCODE=J0130072,content,,,electricity,,,,,,,,
124,policy,law/system/electricity,,線路與電信線交叉並行規則,,,線路與電信線交叉並行規則,http://law.moj.gov.tw/LawClass/LawContent.aspx?PCODE=J0030078,content,,,electricity,,,,,,,,
125,policy,law/system/electricity,,違規用電處理規則,,,違規用電處理規則,http://law.moj.gov.tw/LawClass/LawContent.aspx?PCODE=J0030020,content,,,electricity,,,,,,,,
126,policy,law/system/electricity,,優惠電價收費辦法,,,優惠電價收費辦法,http://law.moj.gov.tw/LawClass/LawContent.aspx?PCODE=J0030127,content,,,electricity,,,,,,,,
127,policy,law/system/electricity,,供電線路遷移工料費用負擔辦法,,,供電線路遷移工料費用負擔辦法,http://law.moj.gov.tw/LawClass/LawContent.aspx?PCODE=J0030136,content,,,electricity,,,,,,,,
128,policy,law/system/electricity,,電業主任技術員任用規則,,,電業主任技術員任用規則,http://law.moj.gov.tw/LawClass/LawContent.aspx?PCODE=J0030013,content,,,electricity,,,,,,,,
129,policy,law/system/electricity,,直轄市縣（市）主管機關處理發電業及輸配電業用地爭議準則,,,直轄市縣（市）主管機關處理發電業及輸配電業用地爭議準則,http://law.moj.gov.tw/LawClass/LawContent.aspx?PCODE=J0130015,content,,,electricity,,,,,,,,
130,policy,law/system/electricity,,電業供電電壓及頻率標準,,,電業供電電壓及頻率標準,http://law.moj.gov.tw/LawClass/LawContent.aspx?PCODE=J0030017,content,,,electricity,,,,,,,,
131,policy,law/system/electricity,,電器承裝業管理規則,,,電器承裝業管理規則,http://law.moj.gov.tw/LawClass/LawContent.aspx?PCODE=J0030054,content,,,electricity,,,,,,,,
132,policy,law/system/electricity,,用電設備檢驗維護業管理規則,,,用電設備檢驗維護業管理規則,http://law.moj.gov.tw/LawClass/LawContent.aspx?PCODE=J0130018,content,,,electricity,,,,,,,,
133,policy,law/system/electricity,,用電場所及專任電氣技術人員管理規則,,,用電場所及專任電氣技術人員管理規則,http://law.moj.gov.tw/LawClass/LawContent.aspx?PCODE=J0130071,content,,,electricity,,,,,,,,
134,policy,law/system/electricity,,電業設備及用戶用電設備工程設計及監造範圍認定標準,,,電業設備及用戶用電設備工程設計及監造範圍認定標準,http://law.moj.gov.tw/LawClass/LawContent.aspx?PCODE=J0130020,content,,,electricity,,,,,,,,
135,policy,law/system/electricity,,屋內線路裝置規則,,,屋內線路裝置規則,http://law.moj.gov.tw/LawClass/LawAll.aspx?Pcode=J0030018,content,,,electricity,,,,,,,,
136,policy,law/system/electricity,,電源不足時期限制用電辦法,,,電源不足時期限制用電辦法,http://law.moj.gov.tw/LawClass/LawContent.aspx?PCODE=J0130017,content,,,electricity,,,,,,,,
137,policy,law/system/electricity,,電業法第二十一條第二項所稱一定規模,,,電業法第二十一條第二項所稱一定規模,https://www.moeaboe.gov.tw/ECW/populace/Law/wHandLawsList_File.ashx?kind=5&id=3323,content,,,electricity,,,,,,,,
138,policy,law/system/electricity,,電業法第二十七條第二項所稱一定裝置容量,,,電業法第二十七條第二項所稱一定裝置容量,https://www.moeaboe.gov.tw/ECW/populace/Law/wHandLawsList_File.ashx?kind=5&id=3324,content,,,electricity,,,,,,,,
139,policy,law/system/electricity,,電業簡明月報、年報格式及應公開資訊,,,電業簡明月報、年報格式及應公開資訊,https://www.moeaboe.gov.tw/ECW/populace/Law/wHandLawsList_File.ashx?kind=5&id=3325,content,,,electricity,,,,,,,,
140,policy,law/system/electricity,,公用售電業電價費率計算公式,,,公用售電業電價費率計算公式,https://www.moeaboe.gov.tw/ECW/populace/Law/wHandLawsList_File.ashx?kind=5&id=1282,content,,,electricity,,,,,,,,
141,policy,law/system/electricity,,自用發電設備能源效率標準,,,自用發電設備能源效率標準,https://www.moeaboe.gov.tw/ECW/populace/Law/wHandLawsList_File.ashx?kind=5&id=3326,content,,,electricity,,,,,,,,
142,policy,law/system/electricity,,公用售電業供給使用維生器材及必要生活輔具之身心障礙者家庭之資格認定；維生器材及必要生活輔具之適用範圍及電費計算方式,,,公用售電業供給使用維生器材及必要生活輔具之身心障礙者家庭之資格認定；維生器材及必要生活輔具之適用範圍及電費計算方式,https://www.moeaboe.gov.tw/ECW/populace/Law/wHandLawsList_File.ashx?kind=5&id=281,content,,,electricity,,,,,,,,
143,policy,law/system/electricity,,輸配電業各項費率計算公式,,,輸配電業各項費率計算公式,https://www.moeaboe.gov.tw/ECW/populace/Law/wHandLawsList_File.ashx?kind=5&id=278,content,,,electricity,,,,,,,,
144,policy,law/system/electricity,,再生能源發電業之組織方式,,,再生能源發電業之組織方式,https://www.moeaboe.gov.tw/ECW/populace/Law/wHandLawsList_File.ashx?kind=5&id=3327,content,,,electricity,,,,,,,,
145,policy,law/system/electricity,,合格汽電共生系統查驗原則,,,合格汽電共生系統查驗原則,https://www.moeaboe.gov.tw/ECW/populace/Law/Content.aspx?menu_id=1033,content,,,electricity,,,,,,,,
146,policy,law/system/electricity,,經濟部認可檢驗機構與原製造廠家及高壓用電設備施行試驗作業要點,,,經濟部認可檢驗機構與原製造廠家及高壓用電設備施行試驗作業要點,https://www.moeaboe.gov.tw/ECW/populace/Law/Content.aspx?menu_id=1035,content,,,electricity,,,,,,,,
147,policy,law/system/electricity,,電業竣工查驗作業要點,,,電業竣工查驗作業要點,https://www.moeaboe.gov.tw/ECW/populace/Law/Content.aspx?menu_id=1034,content,,,electricity,,,,,,,,
148,policy,law/system/renewable,,再生能源發展條例,,,再生能源發展條例,https://www.moeaboe.gov.tw/ECW/populace/Law/wHandLawsList_File.ashx?kind=6&id=145&file_id=1232,content,,,,,,,,,,,
149,policy,law/system/renewable,,再生能源發電設備設置管理辦法,,,再生能源發電設備設置管理辦法,https://www.moeaboe.gov.tw/ECW/populace/Law/Content.aspx?menu_id=1096,content,,,,,,,,,,,
150,policy,law/system/renewable,,設置再生能源設施免請領雜項執照標準,,,設置再生能源設施免請領雜項執照標準,https://www.moeaboe.gov.tw/ECW/populace/Law/Content.aspx?menu_id=1091,content,,,,,,,,,,,
151,policy,law/system/renewable,,委任本部能源局及委辦地方政府辦理「再生能源發電設備設置管理辦法」相關業務事項,,,委任本部能源局及委辦地方政府辦理「再生能源發電設備設置管理辦法」相關業務事項,https://www.moeaboe.gov.tw/ECW/populace/Law/Content.aspx?menu_id=3117,content,,,,,,,,,,,
152,policy,law/system/renewable,,彰化離岸風電海纜上岸共同廊道範圍,,,彰化離岸風電海纜上岸共同廊道範圍,,content,,,,,,,,,,,
153,policy,law/system/renewable,,經濟部委辦直轄市縣(市)政府辦理再生能源發電設備認定作業要點,,,經濟部委辦直轄市縣(市)政府辦理再生能源發電設備認定作業要點,,content,,,,,,,,,,,
154,policy,law/system/renewable,,經濟部辦理綠能屋頂全民參與推動作業要點,,,經濟部辦理綠能屋頂全民參與推動作業要點,,content,,,,,,,,,,,
155,policy,law/system/renewable,,中華民國一百零七年度再生能源電能躉購費率及其計算公式,,,中華民國一百零七年度再生能源電能躉購費率及其計算公式,,content,,,,,,,,,,,
156,policy,law/system/renewable,,中華民國一百零六年度再生能源電能躉購費率及其計算公式,,,中華民國一百零六年度再生能源電能躉購費率及其計算公式,,content,,,,,,,,,,,
157,policy,law/system/renewable,,中華民國一百零五年度再生能源電能躉購費率及其計算公式,,,中華民國一百零五年度再生能源電能躉購費率及其計算公式,,content,,,,,,,,,,,
158,policy,law/system/renewable,,中華民國一百零四年度再生能源電能躉購費率及其計算公式,,,中華民國一百零四年度再生能源電能躉購費率及其計算公式,,content,,,,,,,,,,,
159,policy,law/system/renewable,,中華民國一百零三年度再生能源電能躉購費率及其計算公式,,,中華民國一百零三年度再生能源電能躉購費率及其計算公式,,content,,,,,,,,,,,
160,policy,law/system/renewable,,中華民國一百零二年度再生能源電能躉購費率及其計算公式,,,中華民國一百零二年度再生能源電能躉購費率及其計算公式,,content,,,,,,,,,,,
161,policy,law/system/renewable,,中華民國一百零一年度再生能源電能躉購費率及其計算公式,,,中華民國一百零一年度再生能源電能躉購費率及其計算公式,,content,,,,,,,,,,,
162,policy,law/system/renewable,,中華民國一百年度再生能源電能躉購費率及其計算公式,,,中華民國一百年度再生能源電能躉購費率及其計算公式,,content,,,,,,,,,,,
163,policy,law/system/renewable,,中華民國九十九年度再生能源電能躉購費率及其計算公式,,,中華民國九十九年度再生能源電能躉購費率及其計算公式,,content,,,,,,,,,,,
164,policy,law/system/renewable,,再生能源發展基金,,,再生能源發展基金,https://www.moeaboe.gov.tw/ecw/populace/content/ContentLink2.aspx?menu_id=319&sub_menu_id=343,content,,,,,,,,,,,
165,policy,law/system/renewable,,再生能源發展基金收支保管及運用辦法,,,再生能源發展基金收支保管及運用辦法,https://www.moeaboe.gov.tw/ECW/populace/Law/Content.aspx?menu_id=1094,content,,,,,,,,,,,
166,policy,law/system/renewable,,電業及自用發電設備設置者繳交再生能源發展基金辦法,,,電業及自用發電設備設置者繳交再生能源發展基金辦法,https://www.moeaboe.gov.tw/ECW/populace/Law/Content.aspx?menu_id=1089,content,,,,,,,,,,,
167,policy,law/system/renewable,,中華民國107年度電業及自用發電設備設置者繳交再生能源發展基金費率,,,中華民國107年度電業及自用發電設備設置者繳交再生能源發展基金費率,,content,,,,,,,,,,,
168,policy,law/system/renewable,,中華民國106年度電業及自用發電設備設置者繳交再生能源發展基金費率,,,中華民國106年度電業及自用發電設備設置者繳交再生能源發展基金費率,,content,,,,,,,,,,,
169,policy,law/system/renewable,,台灣電力公司再生能源電能收購作業要點,,,台灣電力公司再生能源電能收購作業要點,,content,,,,,,,,,,,
170,policy,law/system/renewable,,再生能源熱利用獎勵補助辦法,,,再生能源熱利用獎勵補助辦法,,content,,,,,,,,,,,
171,policy,law/system/renewable,,再生能源電能費用補貼申請及審核辦法,,,再生能源電能費用補貼申請及審核辦法,,content,,,,,,,,,,,
172,policy,law/system/renewable,,再生能源發電設備免徵及分期繳納進口關稅品項及證明文件申請辦法,,,再生能源發電設備免徵及分期繳納進口關稅品項及證明文件申請辦法,,content,,,,,,,,,,,
173,policy,law/system/renewable,,再生能源發電設備總裝置容量達五百瓩以上者，其再生能源發電設備及供電線路所需使用土地之權利取得、使用程序及處置，準用電業法第五十條至第五十六條規定,,,再生能源發電設備總裝置容量達五百瓩以上者，其再生能源發電設備及供電線路所需使用土地之權利取得、使用程序及處置，準用電業法第五十條至第五十六條規定,,content,,,,,,,,,,,
174,policy,law/system/renewable,,再生能源發電設備設置者與電業爭議調解辦法,,,再生能源發電設備設置者與電業爭議調解辦法,,content,,,,,,,,,,,
175,policy,law/system/renewable,,原住民地區參與再生能源設置補助作業要點,,,原住民地區參與再生能源設置補助作業要點,,content,,,,,,,,,,,
176,policy,law/system/conservation,,百萬家庭親子節電競賽作業要點,,,百萬家庭親子節電競賽作業要點,,content,,,,,,,,,,,
177,policy,law/system/conservation,,發光二極體先進照明推廣補助計畫作業要點,,,發光二極體先進照明推廣補助計畫作業要點,,content,,,,,,,,,,,
178,policy,law/system/conservation,,公告107年「發光二極體先進照明推廣補助計畫」受理申請補助期間,,,公告107年「發光二極體先進照明推廣補助計畫」受理申請補助期間,,content,,,,,,,,,,,
179,policy,law/system/conservation,,公告修正「智慧高效率照明系統技術規範」，並自即日生效。,,,公告修正「智慧高效率照明系統技術規範」，並自即日生效。,,content,,,,,,,,,,,
180,policy,law/system/conservation,,107年發光二極體先進照明推廣補助計畫核定補助名單,,,107年發光二極體先進照明推廣補助計畫核定補助名單,,content,,,,,,,,,,,
181,policy,law/system/conservation,,道路照明管理單位應遵行之節約能源規定檢查作業要點,,,道路照明管理單位應遵行之節約能源規定檢查作業要點,,content,,,,,,,,,,,
182,policy,law/system/conservation,,縣市共推住商節電行動作業要點,,,縣市共推住商節電行動作業要點,,content,,,,,,,,,,,
183,policy,law/system/conservation,,水銀路燈落日計畫作業要點,,,水銀路燈落日計畫作業要點,,content,,,,,,,,,,,
184,policy,law/system/conservation,,動力與公用設備補助作業要點,,,動力與公用設備補助作業要點,,content,,,,,,,,,,,
185,policy,law/system/conservation,,動力與公用設備補助作業要點(107年版),,,動力與公用設備補助作業要點(107年版),,content,,,,,,,,,,,
186,policy,law/system/conservation,,車輛耗能管理法規,,,車輛耗能管理法規,,content,,,,,,,,,,,
187,policy,law/system/conservation,,車輛容許耗用能源標準及檢查管理辦法,,,車輛容許耗用能源標準及檢查管理辦法,,content,,,,,,,,,,,
188,policy,law/system/conservation,,車輛容許耗用能源標準新車抽測及複測作業要點,,,車輛容許耗用能源標準新車抽測及複測作業要點,,content,,,,,,,,,,,
189,policy,law/system/conservation,,車型或車輛耗能證明申請及核發作業要點,,,車型或車輛耗能證明申請及核發作業要點,,content,,,,,,,,,,,
190,policy,law/system/conservation,,汽車、機器腳踏車能源耗用量及其效率標示格式,,,汽車、機器腳踏車能源耗用量及其效率標示格式,,content,,,,,,,,,,,
191,policy,law/system/conservation,,委託檢測機構或車輛製造廠辦理車輛耗能標準檢測認可作業要點,,,委託檢測機構或車輛製造廠辦理車輛耗能標準檢測認可作業要點,,content,,,,,,,,,,,
192,policy,law/system/conservation,,電動車耗能測試方式及測試值,,,電動車耗能測試方式及測試值,,content,,,,,,,,,,,
193,policy,law/system/conservation,,公告「少量車車輛燃料效率提升改善計畫書相關申請暨審查作業規定」,,,公告「少量車車輛燃料效率提升改善計畫書相關申請暨審查作業規定」,,content,,,,,,,,,,,
194,policy,law/system/conservation,,公告107年度動力與公用設備補助購買、受理申請期間、委託辦理機構及相關申請事宜,,,公告107年度動力與公用設備補助購買、受理申請期間、委託辦理機構及相關申請事宜,,content,,,,,,,,,,,
195,policy,law/system/conservation,,LED路燈節能示範計畫補助作業要點,,,LED路燈節能示範計畫補助作業要點,,content,,,,,,,,,,,
196,policy,law/system/conservation,,擴大設置LED路燈專案計畫作業要點,,,擴大設置LED路燈專案計畫作業要點,,content,,,,,,,,,,,
197,policy,law/system/conservation,,經濟部節能標竿獎作業要點,,,經濟部節能標竿獎作業要點,,content,,,,,,,,,,,
198,policy,law/system/conservation,,經濟部推動能源教育標竿獎作業要點,,,經濟部推動能源教育標竿獎作業要點,,content,,,,,,,,,,,
199,policy,law/system/conservation,,政府機關及學校節約能源行動計畫,,,政府機關及學校節約能源行動計畫,,content,,,,,,,,,,,
200,policy,law/system/conservation,,107年度「節能績效保證專案示範推廣補助計畫」補助名單,,,107年度「節能績效保證專案示範推廣補助計畫」補助名單,,content,,,,,,,,,,,
201,policy,law/system/conservation,,直轄市縣 (市) 節電策略建構與推廣示範補助計畫作業要點,,,直轄市縣 (市) 節電策略建構與推廣示範補助計畫作業要點,,content,,,,,,,,,,,
202,policy,law/system/conservation,,夏月節電期間縣市節能示範競賽推廣補助作業要點,,,夏月節電期間縣市節能示範競賽推廣補助作業要點,,content,,,,,,,,,,,
203,policy,law/system/conservation,,大學校院圖書館智慧照明研究示範計畫作業要點,,,大學校院圖書館智慧照明研究示範計畫作業要點,,content,,,,,,,,,,,
204,policy,law/system/conservation,,智慧節電計畫作業要點,,,智慧節電計畫作業要點,,content,,,,,,,,,,,
205,policy,law/system/conservation,,中央空氣調節系統電表及線路裝置規則,,,中央空氣調節系統電表及線路裝置規則,,content,,,,,,,,,,,
206,policy,law/system/conservation,,漁船用引擎容許耗用能源標準及管理辦法,,,漁船用引擎容許耗用能源標準及管理辦法,,content,,,,,,,,,,,
207,policy,law/system/conservation,,使用能源設備或器具容許耗用能源標準,,,使用能源設備或器具容許耗用能源標準,,content,,,,,,,,,,,
208,policy,law/system/conservation,,(預告訂定)包裝飲用水供水式開飲機容許耗用能源基準與其檢查方式草案,,,(預告訂定)包裝飲用水供水式開飲機容許耗用能源基準與其檢查方式草案,,content,,,,,,,,,,,
209,policy,law/system/conservation,,安定器內藏式發光二極體(LED)燈泡能源效率基準,,,安定器內藏式發光二極體(LED)燈泡能源效率基準,,content,,,,,,,,,,,
210,policy,law/system/conservation,,安定器內藏式螢光燈泡能源效率基準,,,安定器內藏式螢光燈泡能源效率基準,,content,,,,,,,,,,,
211,policy,law/system/conservation,,白熾燈泡耗用能源效率標準,,,白熾燈泡耗用能源效率標準,,content,,,,,,,,,,,
212,policy,law/system/conservation,,螢光燈管能源效率基準、標示與其檢查方式,,,螢光燈管能源效率基準、標示與其檢查方式,,content,,,,,,,,,,,
213,policy,law/system/conservation,,螢光燈管用安定器光效因數基準,,,螢光燈管用安定器光效因數基準,,content,,,,,,,,,,,
214,policy,law/system/conservation,,緊密型螢光燈管能源效率基準,,,緊密型螢光燈管能源效率基準,,content,,,,,,,,,,,
215,policy,law/system/conservation,,空調系統冰水主機能源效率標準,,,空調系統冰水主機能源效率標準,,content,,,,,,,,,,,
216,policy,law/system/conservation,,窗型冷氣機能源效率比值標準對照表,,,窗型冷氣機能源效率比值標準對照表,,content,,,,,,,,,,,
217,policy,law/system/conservation,,箱型冷氣機能源效率比值標準對照表,,,箱型冷氣機能源效率比值標準對照表,,content,,,,,,,,,,,
218,policy,law/system/conservation,,低壓單相感應電動機能源效率標準,,,低壓單相感應電動機能源效率標準,,content,,,,,,,,,,,
219,policy,law/system/conservation,,低壓三相鼠籠型感應電動機(含安裝於特定設備之一部者)能源效率基準、效率標示及檢查方式,,,低壓三相鼠籠型感應電動機(含安裝於特定設備之一部者)能源效率基準、效率標示及檢查方式,,content,,,,,,,,,,,
220,policy,law/system/conservation,,鍋爐效率標準,,,鍋爐效率標準,,content,,,,,,,,,,,
221,policy,law/system/conservation,efficiency_level,(預告訂定)電鍋容許耗用能源基準與能源效率分級標示事項、方法及檢查方式草案,efficiency_level/(預告訂定)電鍋容許耗用能源基準與能源效率分級標示事項、方法及檢查方式草案,,(預告訂定)電鍋容許耗用能源基準與能源效率分級標示事項、方法及檢查方式草案,,nav_content,,,,,,,,,,,
222,policy,law/system/conservation,efficiency_level,指定使用能源設備或器具能源效率標示稽查及能源效率抽測作業要點,efficiency_level/指定使用能源設備或器具能源效率標示稽查及能源效率抽測作業要點,,指定使用能源設備或器具能源效率標示稽查及能源效率抽測作業要點,,nav_content,,,,,,,,,,,
223,policy,law/system/conservation,efficiency_level,無風管空氣調節機容許耗用能源基準與能源效率分級標示事項、方法及檢查方式,efficiency_level/無風管空氣調節機容許耗用能源基準與能源效率分級標示事項、方法及檢查方式,,無風管空氣調節機容許耗用能源基準與能源效率分級標示事項、方法及檢查方式,,nav_content,,,,,,,,,,,
224,policy,law/system/conservation,efficiency_level,溫熱型飲水供應機容許耗用能源基準與能源效率分級標示事項、方法及檢查方式,efficiency_level/溫熱型飲水供應機容許耗用能源基準與能源效率分級標示事項、方法及檢查方式,,溫熱型飲水供應機容許耗用能源基準與能源效率分級標示事項、方法及檢查方式,,nav_content,,,,,,,,,,,
225,policy,law/system/conservation,efficiency_level,冰溫熱型飲水供應機容許耗用能源基準與能源效率分級標示事項、方法及檢查方式,efficiency_level/冰溫熱型飲水供應機容許耗用能源基準與能源效率分級標示事項、方法及檢查方式,,冰溫熱型飲水供應機容許耗用能源基準與能源效率分級標示事項、方法及檢查方式,,nav_content,,,,,,,,,,,
226,policy,law/system/conservation,efficiency_level,溫熱型開飲機容許耗用能源基準與能源效率分級標示事項、方法及檢查方式,efficiency_level/溫熱型開飲機容許耗用能源基準與能源效率分級標示事項、方法及檢查方式,,溫熱型開飲機容許耗用能源基準與能源效率分級標示事項、方法及檢查方式,,nav_content,,,,,,,,,,,
227,policy,law/system/conservation,efficiency_level,冰溫熱型開飲機容許耗用能源基準與能源效率分級標示事項、方法及檢查方式,efficiency_level/冰溫熱型開飲機容許耗用能源基準與能源效率分級標示事項、方法及檢查方式,,冰溫熱型開飲機容許耗用能源基準與能源效率分級標示事項、方法及檢查方式,,nav_content,,,,,,,,,,,
228,policy,law/system/conservation,efficiency_level,貯備型電熱水器容許耗用能源基準與能源效率分級標示事項、方法及檢查方式,efficiency_level/貯備型電熱水器容許耗用能源基準與能源效率分級標示事項、方法及檢查方式,,貯備型電熱水器容許耗用能源基準與能源效率分級標示事項、方法及檢查方式,,nav_content,,,,,,,,,,,
229,policy,law/system/conservation,efficiency_level,電熱水瓶容許耗用能源基準與能源效率分級標示事項、方法及檢查方式,efficiency_level/電熱水瓶容許耗用能源基準與能源效率分級標示事項、方法及檢查方式,,電熱水瓶容許耗用能源基準與能源效率分級標示事項、方法及檢查方式,,nav_content,,,,,,,,,,,
230,policy,law/system/conservation,efficiency_level,電冰箱能源耗用量與其能源效率分級標示事項、方法及檢查方式,efficiency_level/電冰箱能源耗用量與其能源效率分級標示事項、方法及檢查方式,,電冰箱能源耗用量與其能源效率分級標示事項、方法及檢查方式,,nav_content,,,,,,,,,,,
231,policy,law/system/conservation,efficiency_level,電冰箱容許耗用能源基準與能源效率分級標示事項、方法及檢查方式(107年1月1日生效),efficiency_level/電冰箱容許耗用能源基準與能源效率分級標示事項、方法及檢查方式(107年1月1日生效),,電冰箱容許耗用能源基準與能源效率分級標示事項、方法及檢查方式(107年1月1日生效),,nav_content,,,,,,,,,,,
232,policy,law/system/conservation,efficiency_level,除濕機能源耗用量與其能源效率分級標示事項、方法及檢查方式,efficiency_level/除濕機能源耗用量與其能源效率分級標示事項、方法及檢查方式,,除濕機能源耗用量與其能源效率分級標示事項、方法及檢查方式,,nav_content,,,,,,,,,,,
233,policy,law/system/conservation,efficiency_level,除濕機容許耗用能源基準與能源效率分級標示事項、方法及檢查方式(107年1月1日生效),efficiency_level/除濕機容許耗用能源基準與能源效率分級標示事項、方法及檢查方式(107年1月1日生效),,除濕機容許耗用能源基準與能源效率分級標示事項、方法及檢查方式(107年1月1日生效),,nav_content,,,,,,,,,,,
234,policy,law/system/conservation,efficiency_level,安定器內藏式螢光燈泡能源耗用量與其能源效率分級標示事項、方法及檢查方式,efficiency_level/安定器內藏式螢光燈泡能源耗用量與其能源效率分級標示事項、方法及檢查方式,,安定器內藏式螢光燈泡能源耗用量與其能源效率分級標示事項、方法及檢查方式,,nav_content,,,,,,,,,,,
235,policy,law/system/conservation,efficiency_level,即熱式燃氣熱水器能源耗用量與其能源效率分級標示事項、方法及檢查方式,efficiency_level/即熱式燃氣熱水器能源耗用量與其能源效率分級標示事項、方法及檢查方式,,即熱式燃氣熱水器能源耗用量與其能源效率分級標示事項、方法及檢查方式,,nav_content,,,,,,,,,,,
236,policy,law/system/conservation,efficiency_level,燃氣台爐能源耗用量與其能源效率分級標示事項、方法及檢查方式,efficiency_level/燃氣台爐能源耗用量與其能源效率分級標示事項、方法及檢查方式,,燃氣台爐能源耗用量與其能源效率分級標示事項、方法及檢查方式,,nav_content,,,,,,,,,,,
237,policy,law/system/conservation,efficiency_level,白熾燈泡耗用能源效率標準之檢查方式,efficiency_level/白熾燈泡耗用能源效率標準之檢查方式,,白熾燈泡耗用能源效率標準之檢查方式,,nav_content,,,,,,,,,,,
238,policy,law/system/conservation,efficiency_mark,經濟部能源局節能標章推動使用作業要點(107年10月1日生效),efficiency_mark/經濟部能源局節能標章推動使用作業要點(107年10月1日生效),,經濟部能源局節能標章推動使用作業要點(107年10月1日生效),,nav_content,,,,,,,,,,,
239,policy,law/system/conservation,efficiency_mark,經濟部能源局節能標章推動使用作業要點(97年1月24日版),efficiency_mark/經濟部能源局節能標章推動使用作業要點(97年1月24日版),,經濟部能源局節能標章推動使用作業要點(97年1月24日版),,nav_content,,,,,,,,,,,
240,policy,law/system/conservation,efficiency_mark,節能標章規費收費標準,efficiency_mark/節能標章規費收費標準,,節能標章規費收費標準,,nav_content,,,,,,,,,,,
241,policy,law/system/conservation,,指定能源用戶節約能源規定,,,指定能源用戶節約能源規定,,content,,,,,,,,,,,
242,policy,law/system/conservation,,指定能源用戶應遵行之節約能源規定,,,指定能源用戶應遵行之節約能源規定,,content,,,,,,,,,,,
243,policy,law/system/conservation,,能源用戶訂定節約能源目標及執行計畫規定,,,能源用戶訂定節約能源目標及執行計畫規定,,content,,,,,,,,,,,
244,policy,law/system/conservation,,能源用戶訂定節約能源目標及執行計畫規定之常見問題及解答,,,能源用戶訂定節約能源目標及執行計畫規定之常見問題及解答,,content,,,,,,,,,,,
245,policy,law/system/conservation,,紡織業節約能源及使用能源效率規定,,,紡織業節約能源及使用能源效率規定,,content,,,,,,,,,,,
246,policy,law/system/conservation,,電子業節約能源及使用能源效率規定,,,電子業節約能源及使用能源效率規定,,content,,,,,,,,,,,
247,policy,law/system/conservation,,石化業節約能源及使用能源效率規定,,,石化業節約能源及使用能源效率規定,,content,,,,,,,,,,,
248,policy,law/system/conservation,,造紙業應遵行之節約能源及使用能源效率規定,,,造紙業應遵行之節約能源及使用能源效率規定,,content,,,,,,,,,,,
249,policy,law/system/conservation,,鋼鐵製造業應遵行之節約能源及使用能源效率規定,,,鋼鐵製造業應遵行之節約能源及使用能源效率規定,,content,,,,,,,,,,,
250,policy,law/system/conservation,,水泥製造業應遵行之節約能源與能源效率指標規定,,,水泥製造業應遵行之節約能源與能源效率指標規定,,content,,,,,,,,,,,
251,policy,law/system/conservation,,道路照明管理單位應遵行之節約能源規定,,,道路照明管理單位應遵行之節約能源規定,,content,,,,,,,,,,,
252,policy,law/system/conservation,,冷氣不外洩現場檢查程序作業要點,,,冷氣不外洩現場檢查程序作業要點,,content,,,,,,,,,,,
253,policy,law/system/conservation,,室內冷氣溫度限值現場檢查程序作業要點,,,室內冷氣溫度限值現場檢查程序作業要點,,content,,,,,,,,,,,
254,policy,law/system/conservation,,禁用鹵素燈泡及白熾燈泡現場檢查程序作業要點,,,禁用鹵素燈泡及白熾燈泡現場檢查程序作業要點,,content,,,,,,,,,,,
255,policy,law/system/conservation,,指定能源用戶使用蒸汽鍋爐應遵行之節約能源規定,,,指定能源用戶使用蒸汽鍋爐應遵行之節約能源規定,,content,,,,,,,,,,,
256,policy,law/system/conservation,,指定蒸汽鍋爐用途得不適用「指定能源用戶使用蒸汽鍋爐應遵行之節約能源規定」。,,,指定蒸汽鍋爐用途得不適用「指定能源用戶使用蒸汽鍋爐應遵行之節約能源規定」。,,content,,,,,,,,,,,
257,policy,law/system/conservation,,指定能源用戶使用蒸汽鍋爐應遵行之節約能源規定現場檢查程序作業要點,,,指定能源用戶使用蒸汽鍋爐應遵行之節約能源規定現場檢查程序作業要點,,content,,,,,,,,,,,
258,policy,law/system/conservation,,公告委託財團法人工業技術研究院及財團法人台灣綠色生產力基金會辦理「指定能源用戶使用蒸汽鍋爐應遵行之節約能源規定」檢查業務，自106年3月15日起實施。,,,公告委託財團法人工業技術研究院及財團法人台灣綠色生產力基金會辦理「指定能源用戶使用蒸汽鍋爐應遵行之節約能源規定」檢查業務，自106年3月15日起實施。,,content,,,,,,,,,,,
259,policy,law/system/conservation,manager,能源管理人員訓練登記常見問題及解答,manager/能源管理人員訓練登記常見問題及解答,,能源管理人員訓練登記常見問題及解答,,nav_content,,,,,,,,,,,
260,policy,law/system/conservation,manager,能源用戶自置或委託技師或合格能源管理人員設置登記辦法,manager/能源用戶自置或委託技師或合格能源管理人員設置登記辦法,,能源用戶自置或委託技師或合格能源管理人員設置登記辦法,,nav_content,,,,,,,,,,,
261,policy,law/system/conservation,manager,技師或能源管理人員辦理能源管理業務資格認定辦法,manager/技師或能源管理人員辦理能源管理業務資格認定辦法,,技師或能源管理人員辦理能源管理業務資格認定辦法,,nav_content,,,,,,,,,,,
262,policy,law/system/conservation,manager,專業機構或技師辦理能源管理法檢查業務認可管理辦法,manager/專業機構或技師辦理能源管理法檢查業務認可管理辦法,,專業機構或技師辦理能源管理法檢查業務認可管理辦法,,nav_content,,,,,,,,,,,
263,policy,law/system/conservation,,購置節能設備優惠措施,,,購置節能設備優惠措施,,content,,,,,,,,,,,
264,policy,law/system/conservation,,公告「廢熱與廢冷回收技術示範應用專案補助」106年補助名單,,,公告「廢熱與廢冷回收技術示範應用專案補助」106年補助名單,,content,,,,,,,,,,,
265,policy,law/system/conservation,,廢熱回收技術示範應用專案補助名單,,,廢熱回收技術示範應用專案補助名單,,content,,,,,,,,,,,
266,policy,law/system/conservation,,廢熱與廢冷回收技術示範應用專案補助要點（受理申請補助期間，自106年12月15日起至107年3月16日止）,,,廢熱與廢冷回收技術示範應用專案補助要點（受理申請補助期間，自106年12月15日起至107年3月16日止）,,content,,,,,,,,,,,
267,policy,law/system/conservation,,節能績效保證專案示範推廣補助要點(申請至106年11月30日止),,,節能績效保證專案示範推廣補助要點(申請至106年11月30日止),,content,,,,,,,,,,,
268,policy,law/system/conservation,,機器設備升級貸款要點(聯結至行政院國家發展基金管理會網頁),,,機器設備升級貸款要點(聯結至行政院國家發展基金管理會網頁),,content,,,,,,,,,,,